{"cameraMode":{"drawMode":0,"name":"Shaded","section":"Shading Mode"},"sceneLighting":true,"audioPlay":false,"sceneViewState":{"m_AlwaysRefresh":false,"showFog":true,"showSkybox":true,"showFlares":true,"showImageEffects":true,"showParticleSystems":true,"showVisualEffectGraphs":true,"m_FxEnabled":true},"in2DMode":false,"pivot":{"x":-0.7917500734329224,"y":0.7648067474365234,"z":-1.9371235370635987},"rotation":{"x":0.10226931422948837,"y":-0.8044856190681458,"z":0.14514416456222535,"w":0.5668273568153381},"size":4.709908485412598,"orthographic":true}