{"cameraMode":{"drawMode":0,"name":"Shaded","section":"Shading Mode"},"sceneLighting":true,"audioPlay":false,"sceneViewState":{"m_AlwaysRefresh":false,"showFog":true,"showSkybox":true,"showFlares":true,"showImageEffects":true,"showParticleSystems":true,"showVisualEffectGraphs":true,"m_FxEnabled":true},"in2DMode":false,"pivot":{"x":3.251657009124756,"y":0.6388297080993652,"z":-0.7448489665985107},"rotation":{"x":-0.009980427101254464,"y":0.9769029021263123,"z":-0.04675376042723656,"w":-0.20842419564723969},"size":5.055018424987793,"orthographic":true}