{"cameraMode":{"drawMode":0,"name":"Shaded","section":"Shading Mode"},"sceneLighting":true,"audioPlay":false,"sceneViewState":{"m_AlwaysRefresh":false,"showFog":true,"showSkybox":true,"showFlares":true,"showImageEffects":true,"showParticleSystems":true,"showVisualEffectGraphs":true,"m_FxEnabled":true},"in2DMode":false,"pivot":{"x":-7.605519771575928,"y":5.013514041900635,"z":1.7515664100646973},"rotation":{"x":0.11986106634140015,"y":0.05534793436527252,"z":-0.006239606067538261,"w":0.9913267493247986},"size":8.056656837463379,"orthographic":false}