{"cameraMode":{"drawMode":0,"name":"Shaded","section":"Shading Mode"},"sceneLighting":true,"audioPlay":false,"sceneViewState":{"m_AlwaysRefresh":false,"showFog":true,"showSkybox":true,"showFlares":true,"showImageEffects":true,"showParticleSystems":true,"showVisualEffectGraphs":true,"m_FxEnabled":true},"in2DMode":false,"pivot":{"x":-1.3903920650482178,"y":1.0252418518066407,"z":8.466126441955567},"rotation":{"x":0.12050605565309525,"y":0.8519938588142395,"z":-0.22360239923000337,"w":0.4579758644104004},"size":2.573382616043091,"orthographic":false}