{"cameraMode":{"drawMode":0,"name":"Shaded","section":"Shading Mode"},"sceneLighting":true,"audioPlay":false,"sceneViewState":{"m_AlwaysRefresh":false,"showFog":true,"showSkybox":true,"showFlares":true,"showImageEffects":true,"showParticleSystems":true,"showVisualEffectGraphs":true,"m_FxEnabled":true},"in2DMode":false,"pivot":{"x":638.0642700195313,"y":561.0144653320313,"z":-4.391288757324219},"rotation":{"x":0.20656417310237885,"y":-0.13163401186466218,"z":0.028057284653186799,"w":0.9691359400749207},"size":265.8987121582031,"orthographic":false}