{"cameraMode":{"drawMode":0,"name":"Shaded","section":"Shading Mode"},"sceneLighting":true,"audioPlay":false,"sceneViewState":{"m_AlwaysRefresh":false,"showFog":true,"showSkybox":true,"showFlares":true,"showImageEffects":true,"showParticleSystems":true,"showVisualEffectGraphs":true,"m_FxEnabled":true},"in2DMode":false,"pivot":{"x":-31.225208282470704,"y":-30.75132179260254,"z":13.869832992553711},"rotation":{"x":0.37110409140586855,"y":-0.13131533563137055,"z":0.05355248972773552,"w":0.9178057312965393},"size":875.0730590820313,"orthographic":false}