{"cameraMode":{"drawMode":0,"name":"Shaded","section":"Shading Mode"},"sceneLighting":true,"audioPlay":false,"sceneViewState":{"m_AlwaysRefresh":false,"showFog":true,"showSkybox":true,"showFlares":true,"showImageEffects":true,"showParticleSystems":true,"showVisualEffectGraphs":true,"m_FxEnabled":true},"in2DMode":false,"pivot":{"x":2.479841470718384,"y":1.8273426294326783,"z":2.8764467239379885},"rotation":{"x":-0.013457258231937886,"y":0.7632791996002197,"z":-0.015890022739768029,"w":-0.6457785367965698},"size":3.901425838470459,"orthographic":true}