{"cameraMode":{"drawMode":0,"name":"Shaded","section":"Shading Mode"},"sceneLighting":true,"audioPlay":false,"sceneViewState":{"m_AlwaysRefresh":false,"showFog":true,"showSkybox":true,"showFlares":true,"showImageEffects":true,"showParticleSystems":true,"showVisualEffectGraphs":true,"m_FxEnabled":true},"in2DMode":false,"pivot":{"x":0.03891134262084961,"y":1.7893214225769044,"z":0.6231794357299805},"rotation":{"x":0.2171134054660797,"y":-0.035132668912410739,"z":0.007819367572665215,"w":0.9754851460456848},"size":2.712372303009033,"orthographic":true}