{"cameraMode":{"drawMode":0,"name":"Shaded","section":"Shading Mode"},"sceneLighting":true,"audioPlay":false,"sceneViewState":{"m_AlwaysRefresh":false,"showFog":true,"showSkybox":true,"showFlares":true,"showImageEffects":true,"showParticleSystems":true,"showVisualEffectGraphs":true,"m_FxEnabled":true},"in2DMode":false,"pivot":{"x":-2.6231000423431398,"y":-0.18337392807006837,"z":-7.3441691398620609},"rotation":{"x":0.06090692803263664,"y":-0.6184974908828735,"z":0.04828541353344917,"w":0.7819910049438477},"size":0.2946394085884094,"orthographic":false}