{"cameraMode":{"drawMode":0,"name":"Shaded","section":"Shading Mode"},"sceneLighting":false,"audioPlay":false,"sceneViewState":{"m_AlwaysRefresh":false,"showFog":true,"showSkybox":false,"showFlares":true,"showImageEffects":true,"showParticleSystems":true,"showVisualEffectGraphs":true,"m_FxEnabled":true},"in2DMode":false,"pivot":{"x":1.7177420854568482,"y":0.9287742376327515,"z":0.8075783252716065},"rotation":{"x":0.11670942604541779,"y":-0.15870042145252229,"z":0.01888962648808956,"w":0.9802657961845398},"size":4.189516544342041,"orthographic":false}