{"cameraMode":{"drawMode":0,"name":"Shaded","section":"Shading Mode"},"sceneLighting":false,"audioPlay":false,"sceneViewState":{"m_AlwaysRefresh":false,"showFog":true,"showSkybox":false,"showFlares":true,"showImageEffects":true,"showParticleSystems":true,"showVisualEffectGraphs":true,"m_FxEnabled":true},"in2DMode":false,"pivot":{"x":-8.940696716308594e-8,"y":0.5453696250915527,"z":0.008596375584602356},"rotation":{"x":-0.2965415418148041,"y":0.5822914838790894,"z":-0.24058721959590913,"w":-0.7177209854125977},"size":0.6603790521621704,"orthographic":false}